"Created at:","Jan 5, 2025"
"Applied Filters:"
"Area Median Income","30 - 60%; 60 - 80%; 80 - 100%; 100 - 150%; 150%+"
"Building Age","Before 1940; 1940 - 59; 1960 - 79; 1980 - 99; 2000 - 19; 2020+"
"Heating Fuel Type","Utility Gas; Bottled Gas; Electricity; Fuel Oil; Coal; Wood; Solar; Other; None"
"Building Type","1 unit detached; 1 unit attached; 2 units; 3 - 4 units; 5 - 9 units; 10 - 19 units; 20 - 49 units; 50+ units; Boat/RV/Van; Mobile/Trailer"
Rent/Own,"Renter-occupied; Owner-occupied"

"Geography ID",Name,State,"Energy Burden (% income)","Energy Burden (% income) (Electricity)","Energy Burden (% income) (Gas)","Energy Burden (% income) (Other)","Avg. Annual Energy Cost ($)","Avg. Annual Energy Cost ($) (Electricity)","Avg. Annual Energy Cost ($) (Gas)","Avg. Annual Energy Cost ($) (Other)","Total Households","Household Income","Black/ African American (% pop.)","American Indian/ Native Alaskan (% pop.)","Asian (% pop.)","Native Hawaiian/ Other Pacific Islander (% pop.)","White Hispanic or Latino (% pop.)","White Non-Hispanic or Latino (% pop.)","Two or More Races (% pop.)","Other Races (% pop.)","Less Than High School (% pop.)","High School (% pop.)","Associates or Some College (% pop.)","Bachelors or Higher (% pop.)"
4101000,Albany,Oregon,2,1,0,0,1426,979,410,37,15256,89042,0,1,1,0,5,76,10,6,5,19,47,29
4103050,Ashland,Oregon,2,1,0,0,1863,1335,468,60,5285,99438,1,1,2,0,5,79,11,2,1,10,27,62
4103150,Astoria,Oregon,2,1,1,0,1588,875,527,186,3296,96815,1,0,1,0,8,77,8,4,5,14,43,39
4103250,Aumsville,Oregon,2,1,0,0,2249,1528,438,283,40,149089,0,4,0,1,6,84,2,3,6,16,52,26
4103650,"Baker City",Oregon,2,1,1,0,2041,1164,669,208,992,84243,1,0,1,0,4,91,2,1,7,21,41,31
4103800,Bandon,Oregon,3,2,1,0,1997,1369,406,222,573,78000,0,1,0,0,1,90,8,0,6,20,41,34
4105350,Beaverton,Oregon,1,1,0,0,1798,1295,473,30,38439,133064,2,0,12,1,7,62,10,6,4,14,29,53
4105800,Bend,Oregon,1,1,1,0,1691,933,671,87,30168,124260,0,1,2,0,6,82,7,2,3,13,32,51
4107200,Boardman,Oregon,2,2,0,0,1746,1492,150,104,28,81288,1,2,1,0,19,33,23,21,31,30,32,7
4108650,Brookings,Oregon,2,2,0,0,1799,1540,177,82,1075,93380,2,2,0,0,10,76,10,0,5,20,49,25
4109800,Burns,Oregon,4,2,0,1,2746,1754,307,685,63,71129,0,0,0,0,1,89,9,0,11,24,46,18
4110750,Canby,Oregon,2,1,0,0,2328,1790,470,68,3642,127447,1,1,2,0,9,71,10,7,10,20,37,33
4112400,"Central Point",Oregon,2,1,1,0,1739,1165,529,45,5233,102286,0,0,1,2,8,77,7,3,7,24,47,22
4115250,"Coos Bay",Oregon,2,2,0,0,1651,1206,112,333,5356,76029,1,2,1,0,4,80,8,4,9,25,45,21
4115350,Coquille,Oregon,2,2,0,1,1915,1268,167,480,92,76827,0,0,0,0,6,87,5,1,3,27,43,26
4115550,Cornelius,Oregon,2,1,0,0,2172,1548,504,120,1110,118477,1,2,2,0,18,48,9,20,22,21,36,21
4115800,Corvallis,Oregon,1,1,0,0,1409,985,387,37,11920,101817,1,1,8,0,4,75,8,3,4,7,31,58
4115950,"Cottage Grove",Oregon,2,2,0,0,2091,1664,274,153,232,90440,1,2,1,0,4,79,10,3,5,29,46,21
4116950,Creswell,Oregon,2,1,0,0,1969,1530,261,178,76,113678,0,1,1,0,1,88,7,1,4,18,42,36
4117700,Dallas,Oregon,2,1,0,0,1631,1093,423,115,1271,101306,1,0,0,0,2,81,11,4,3,28,48,22
4117800,Damascus,Oregon,2,1,0,0,2540,1714,633,193,3582,141843,1,0,6,0,5,80,5,3,2,22,40,36
4118250,Dayton,Oregon,2,2,0,0,2511,2078,214,219,25,115338,0,0,0,0,10,66,17,7,10,23,31,36
4121050,Dundee,Oregon,2,1,0,0,2241,1607,530,104,351,132258,0,0,2,0,6,76,10,6,9,27,30,34
4121550,"Eagle Point",Oregon,2,1,1,0,1805,1200,528,77,2075,102570,1,0,0,0,1,90,3,5,5,35,44,17
4123800,Estacada,Oregon,3,2,0,0,3110,2497,255,358,114,102309,0,1,1,0,0,91,3,4,7,38,38,17
4123850,Eugene,Oregon,2,1,0,0,1649,1373,242,34,56869,98092,1,1,4,0,4,78,9,4,3,14,37,46
4124250,Fairview,Oregon,2,1,0,0,1821,1396,360,65,2317,105370,6,2,1,2,8,51,13,17,13,19,37,31
4124300,Fairview,Oregon,2,2,0,0,1516,1240,107,169,58,75842,2,1,2,0,14,61,13,7,12,38,31,19
4126050,Florence,Oregon,2,2,0,0,1519,1329,125,65,3181,76410,2,1,3,0,2,88,4,1,8,20,49,24
4126200,"Forest Grove",Oregon,1,1,0,0,1602,1134,378,90,4069,109429,1,1,2,0,9,64,10,13,10,17,36,37
4128650,Gervais,Oregon,2,2,0,0,2619,2079,324,216,13,105311,0,0,1,0,20,39,13,25,23,32,33,12
4129000,Gladstone,Oregon,2,1,0,0,2034,1404,511,119,4064,113559,2,1,2,0,3,79,9,5,5,23,42,30
4130550,"Grants Pass",Oregon,2,1,1,0,1710,1166,432,112,10304,78971,1,1,1,0,5,80,10,2,8,26,47,19
4131250,Gresham,Oregon,2,1,0,0,1926,1386,484,56,33900,102377,4,1,6,1,8,62,12,5,9,23,41,28
4132050,"Happy Valley",Oregon,2,1,0,0,2158,1446,673,39,8800,143220,1,0,16,0,3,67,10,3,4,11,37,49
4132550,Harrisburg,Oregon,2,1,0,0,1715,1280,304,131,26,95606,0,1,0,0,1,84,10,4,7,25,49,19
4133700,Hermiston,Oregon,2,2,1,0,2133,1556,506,71,1929,100411,0,0,2,0,25,45,10,18,16,25,40,19
4134100,Hillsboro,Oregon,1,1,0,0,1783,1320,434,29,34458,127719,3,1,12,1,8,54,14,8,6,14,32,47
4134900,"Hood River",Oregon,2,2,0,0,3030,2490,366,174,2389,127001,2,0,1,0,13,68,11,5,13,15,18,53
4135450,Hubbard,Oregon,2,2,0,0,2469,1865,483,121,79,104054,1,2,1,0,18,65,5,8,12,32,38,18
4136150,Independence,Oregon,2,1,0,0,1959,1558,359,42,1393,105869,0,2,1,0,17,52,11,17,9,24,45,23
4137000,Jacksonville,Oregon,1,1,0,0,1804,1223,489,92,155,125798,0,0,0,0,3,89,6,1,4,16,31,49
4137250,Jefferson,Oregon,2,1,0,0,2205,1514,482,209,38,123587,2,1,0,0,3,78,10,6,9,23,38,30
4138000,"Junction City",Oregon,2,2,0,0,2009,1651,246,112,313,89491,0,2,0,0,9,82,5,1,4,25,47,24
4138500,Keizer,Oregon,2,1,0,0,1897,1382,485,30,9999,98487,1,1,1,1,8,67,13,8,7,23,41,28
4139150,"King City",Oregon,2,1,1,0,1827,1321,472,34,1569,92473,2,1,3,0,1,79,9,6,3,18,39,39
4139700,"Klamath Falls",Oregon,2,1,1,0,1821,1046,615,160,5361,73773,1,4,1,1,7,73,10,3,9,27,40,25
4140300,Lafayette,Oregon,2,1,0,0,2392,1725,556,111,81,126248,0,2,1,0,5,75,7,10,2,19,44,35
4140350,"La Grande",Oregon,2,2,1,0,1643,1151,443,49,1095,66034,1,0,2,1,6,85,3,1,4,24,42,29
4140550,"Lake Oswego",Oregon,1,1,0,0,2216,1447,713,56,14361,192195,1,0,9,0,1,77,9,1,1,4,19,76
4140700,Lakeview,Oregon,3,1,0,1,2851,1197,423,1231,18,91583,0,2,1,0,7,77,12,1,11,31,26,33
4141650,Lebanon,Oregon,2,1,0,0,1475,1037,372,66,3829,86395,1,0,1,0,4,83,9,2,7,31,38,24
4142600,"Lincoln City",Oregon,2,1,1,0,1469,925,479,65,1355,92487,0,2,3,0,4,80,6,5,6,20,40,35
4145000,McMinnville,Oregon,1,1,0,0,1278,1027,208,43,7370,106138,1,0,2,1,6,73,12,6,7,18,37,37
4145250,Madras,Oregon,2,1,0,0,1815,1270,298,247,618,103010,0,9,0,0,9,48,19,15,11,22,43,23
4147000,Medford,Oregon,2,1,1,0,1677,1141,501,35,24803,91591,1,1,1,0,8,75,10,3,6,23,38,32
4148600,Milton-Freewater,Oregon,2,2,0,0,1823,1486,216,121,841,84485,0,1,0,0,22,46,4,27,25,19,45,11
4148650,Milwaukie,Oregon,2,1,0,0,1916,1385,442,89,9035,105583,1,0,3,0,5,76,11,4,4,17,37,42
4149450,Molalla,Oregon,2,2,0,0,2221,1648,511,62,1051,107589,0,1,1,0,7,85,3,3,6,28,45,21
4149550,Monmouth,Oregon,2,1,0,0,1918,1510,311,97,1361,101499,1,3,3,0,5,76,11,2,3,13,40,43
4150150,"Mount Angel",Oregon,2,2,1,0,2343,1656,568,119,61,96814,1,0,1,0,9,59,17,14,15,13,51,21
4150950,"Myrtle Creek",Oregon,2,2,0,0,1641,1206,321,114,88,75045,0,3,0,0,2,86,8,1,10,34,44,12
4151050,"Myrtle Point",Oregon,2,1,0,1,2072,1265,102,705,12,89961,0,1,0,0,3,81,12,2,5,35,44,15
4152100,Newberg,Oregon,2,1,0,0,2072,1587,441,44,4799,108453,1,1,2,0,8,71,13,4,7,20,35,38
4152450,Newport,Oregon,2,1,0,0,1559,1183,272,104,1123,94383,0,1,2,0,3,76,7,11,7,17,40,36
4153000,"North Bend",Oregon,2,1,0,0,1802,1322,195,285,3800,99974,1,3,4,0,3,78,10,0,7,27,40,26
4153750,Nyssa,Oregon,3,2,1,0,2255,1496,536,223,26,69888,0,0,1,0,31,40,18,10,17,31,41,11
4154100,Oakridge,Oregon,4,3,0,0,2299,1951,168,180,18,58672,0,1,0,0,3,93,3,0,16,31,38,15
4154900,Ontario,Oregon,3,2,1,0,1935,1349,476,110,1005,64627,0,4,1,0,22,50,17,5,26,28,32,14
4155200,"Oregon City",Oregon,2,1,0,0,2016,1425,539,52,8495,117786,1,1,2,0,4,87,5,1,4,23,40,33
4157150,Pendleton,Oregon,3,2,1,0,1944,1244,622,78,1514,73397,1,2,2,0,4,74,11,7,13,39,33,16
4157450,Philomath,Oregon,2,1,0,0,1491,1098,357,36,819,97378,0,2,3,0,1,86,5,3,5,17,38,40
4157500,Phoenix,Oregon,2,2,0,0,1394,1019,273,102,520,66005,1,0,1,0,8,76,10,3,6,37,37,20
4159000,Portland,Oregon,1,1,0,0,1757,1203,468,86,242250,137715,6,1,8,1,4,69,9,3,4,11,26,59
4159850,Prineville,Oregon,2,1,1,0,1609,1036,392,181,1364,74612,0,1,0,0,7,87,2,2,12,25,42,21
4161200,Redmond,Oregon,2,1,0,0,1750,1072,508,170,7708,102552,0,2,1,0,7,80,3,6,8,22,45,26
4161300,Reedsport,Oregon,2,2,0,0,1751,1355,87,309,14,74345,1,2,0,0,1,88,8,1,3,32,51,14
4163450,"Rogue River",Oregon,2,2,0,0,1749,1231,281,237,51,77037,0,1,1,0,4,85,8,1,7,23,49,22
4163650,Roseburg,Oregon,2,2,1,0,1683,1142,451,90,4204,74923,0,1,1,0,3,84,9,1,5,28,44,23
4164600,"St. Helens",Oregon,2,1,0,0,1918,1378,441,99,3536,94861,0,0,1,0,4,79,14,1,8,37,42,13
4164900,Salem,Oregon,2,1,0,0,1807,1314,461,32,51747,98703,2,1,3,2,7,66,12,8,8,19,38,35
4165250,Sandy,Oregon,2,1,0,0,2425,1699,615,111,1361,127135,0,1,1,0,4,85,8,1,4,21,45,30
4165500,Scappoose,Oregon,2,1,0,0,2091,1378,459,254,206,115459,0,0,1,1,1,88,8,1,5,20,48,27
4165950,Seaside,Oregon,2,1,0,0,1144,773,316,55,1761,66991,2,1,0,0,9,87,2,0,2,29,46,23
4166550,"Shady Cove",Oregon,2,2,0,0,1931,1285,273,373,33,81876,0,3,1,0,2,84,9,1,8,21,52,19
4167050,Sheridan,Oregon,2,1,0,0,1690,1126,345,219,21,111088,3,3,1,0,11,73,7,2,5,28,44,24
4167100,Sherwood,Oregon,1,1,0,0,2056,1354,680,22,4042,145709,1,0,4,0,2,80,11,2,4,10,34,52
4167650,Silverton,Oregon,2,1,1,0,2120,1545,538,37,1523,103969,5,1,0,0,2,77,10,4,1,25,45,29
4167950,Sisters,Oregon,2,1,0,0,2525,1702,414,409,17,122706,1,0,2,0,2,88,5,1,1,15,31,52
4169600,Springfield,Oregon,2,1,0,0,1218,1017,167,34,16957,79506,1,1,2,0,4,75,9,6,8,25,45,23
4169900,Stanfield,Oregon,2,2,1,0,2146,1466,444,236,27,85816,0,1,0,0,15,55,22,8,17,38,34,12
4170200,Stayton,Oregon,2,1,0,0,1655,1160,435,60,1499,97270,0,0,1,0,3,75,19,2,8,19,47,27
4170700,Sublimity,Oregon,2,1,0,0,1860,1286,470,104,25,109703,0,0,1,0,2,78,16,3,9,20,44,26
4171650,Sutherlin,Oregon,2,2,1,0,1761,1129,451,181,1741,73686,2,1,0,0,1,91,4,1,6,35,38,21
4171950,"Sweet Home",Oregon,2,1,0,0,1614,1175,293,146,433,82692,1,0,1,0,2,86,7,2,16,34,36,14
4172500,Talent,Oregon,2,1,0,0,1731,1190,421,120,749,85195,0,0,5,0,10,76,9,0,2,4,45,49
4172950,"The Dalles",Oregon,2,1,0,0,1464,1138,223,103,3398,90476,0,0,0,0,11,71,14,3,12,24,40,24
4173650,Tigard,Oregon,1,1,0,0,1931,1328,565,38,20263,136138,1,1,8,1,5,71,8,4,3,13,32,52
4173700,Tillamook,Oregon,2,2,0,0,1512,1239,107,166,205,75790,2,1,2,0,14,62,13,6,11,38,31,20
4174000,Toledo,Oregon,2,2,0,0,1935,1501,196,238,58,91273,0,3,0,0,7,82,9,0,8,22,41,29
4174850,Troutdale,Oregon,2,1,1,0,2033,1380,586,67,4517,111186,2,1,4,0,7,72,7,6,5,25,43,27
4174950,Tualatin,Oregon,1,1,0,0,1800,1322,457,21,6724,132615,2,2,4,2,6,65,13,7,4,16,33,47
4175650,Umatilla,Oregon,2,1,0,0,1731,1306,356,69,310,98266,0,2,0,0,17,65,6,9,10,31,38,22
4177050,Veneta,Oregon,2,2,0,0,2108,1914,93,101,207,97532,0,1,4,0,4,77,13,1,8,15,49,28
4178900,Warrenton,Oregon,2,1,1,0,1442,866,503,73,1050,88012,0,0,3,0,4,77,10,6,9,27,44,21
4180150,"West Linn",Oregon,1,1,0,0,2463,1508,914,41,7714,210216,1,0,6,0,3,81,7,2,1,7,22,70
4182800,Wilsonville,Oregon,1,1,0,0,1773,1281,462,30,4899,131366,2,1,5,2,5,69,13,2,3,13,30,55
4183400,Winston,Oregon,2,2,1,0,1714,1142,435,137,245,70651,0,1,0,0,7,81,8,2,8,34,38,19
4183750,Woodburn,Oregon,2,2,0,0,2108,1613,435,60,5657,89274,0,2,1,0,18,36,18,25,27,29,25,19
4183950,"Wood Village",Oregon,2,1,0,0,1938,1393,476,69,962,97875,5,4,4,1,23,37,16,10,19,27,36,18
5300100,Aberdeen,Washington,3,2,0,0,2127,1694,285,148,4692,82882,0,2,1,1,8,69,13,6,11,34,35,19
5300905,"Airway Heights",Washington,2,2,0,0,1582,1197,359,26,975,76179,7,6,5,5,5,56,13,2,8,19,57,16
5301290,Algona,Washington,2,1,0,0,1999,1493,470,36,1220,113041,14,1,12,5,6,41,12,8,16,26,38,20
5301990,Anacortes,Washington,2,1,1,0,1953,956,945,52,6430,119636,1,1,2,0,3,86,7,1,4,16,32,49
5302585,Arlington,Washington,1,1,0,0,1859,1149,605,105,5209,130312,2,1,6,0,6,68,11,6,6,27,40,27
5303180,Auburn,Washington,2,1,0,0,1969,1332,544,93,24536,122010,8,2,11,3,5,50,12,10,8,24,37,31
5303736,"Bainbridge Island",Washington,1,1,0,0,2440,1550,530,360,9362,203712,0,0,4,0,1,86,6,2,0,4,17,78
5304475,"Battle Ground",Washington,1,1,0,0,1732,1272,399,61,4346,123227,1,0,1,0,3,86,8,0,6,26,40,29
5305210,Bellevue,Washington,1,1,0,0,2113,1305,769,39,54874,234889,3,0,40,0,3,44,7,3,2,6,16,76
5305280,Bellingham,Washington,1,1,1,0,1524,869,629,26,26219,103613,1,1,6,0,4,76,8,4,4,15,33,48
5305560,"Benton City",Washington,2,1,0,0,1720,1473,181,66,70,99225,0,1,0,0,9,64,13,14,14,30,38,17
5306330,"Black Diamond",Washington,1,1,0,0,2508,1546,821,141,1101,177057,1,0,8,0,2,77,5,6,2,14,33,51
5306505,Blaine,Washington,3,2,1,0,2586,1715,810,61,1622,102020,3,1,5,1,2,70,17,1,5,36,28,31
5307170,"Bonney Lake",Washington,2,1,0,0,2222,1513,636,73,5733,145721,1,0,4,1,3,79,10,2,4,23,44,30
5307380,Bothell,Washington,1,1,0,0,1911,1225,623,63,18188,181332,1,0,21,0,3,63,9,4,2,10,27,61
5307695,Bremerton,Washington,2,1,0,0,1703,1027,440,236,14869,103522,5,1,5,2,4,65,12,5,4,19,47,31
5307835,Brewster,Washington,3,2,0,0,2193,1915,114,164,13,80781,2,1,1,0,16,30,14,36,28,33,27,12
5307870,Bridgeport,Washington,2,2,0,0,1693,1629,45,19,10,74146,0,2,0,0,5,30,18,45,31,26,27,16
5307940,Brier,Washington,1,1,0,0,2014,1190,796,28,2345,192614,5,0,14,0,2,71,7,1,5,12,32,51
5308570,Buckley,Washington,1,1,0,0,2211,1435,674,102,656,148714,0,4,1,0,2,89,4,0,4,26,42,29
5308850,Burien,Washington,2,1,0,0,2352,1384,485,483,15483,131696,7,1,14,0,4,51,11,12,10,19,36,35
5308920,Burlington,Washington,2,1,1,0,1802,975,759,68,2607,94073,2,1,4,2,6,66,6,15,6,35,38,22
5309480,Camas,Washington,1,1,0,0,1820,1069,731,20,8902,164083,2,1,11,0,2,73,10,1,3,14,27,56
5310495,Cashmere,Washington,1,1,0,0,872,747,50,75,401,99137,0,1,0,0,1,75,9,14,10,22,43,25
5310565,"Castle Rock",Washington,2,2,0,0,1760,1486,168,106,93,96866,0,1,0,2,2,87,7,1,7,30,45,17
5311160,Centralia,Washington,2,2,0,0,1766,1407,290,69,2814,81679,1,1,1,0,5,77,12,2,7,22,50,22
5311475,Chehalis,Washington,2,2,0,0,1706,1382,266,58,1428,81749,3,0,2,0,4,77,9,5,7,26,43,24
5311615,Chelan,Washington,1,1,0,0,832,748,64,20,307,114795,0,1,3,0,1,72,12,12,23,19,23,36
5311825,Cheney,Washington,2,2,0,0,1769,1446,216,107,1748,85845,3,1,2,0,3,77,11,3,2,16,45,36
5312140,Chewelah,Washington,3,2,1,0,2117,1437,472,208,245,83512,0,1,0,2,2,82,5,7,8,34,32,25
5312630,Clarkston,Washington,2,1,1,0,1859,1126,674,59,2263,76563,1,1,4,0,3,82,8,1,4,29,46,21
5312945,"Cle Elum",Washington,3,2,1,1,2683,1735,517,431,699,85683,0,1,1,0,2,81,4,12,16,35,34,15
5313365,"Clyde Hill",Washington,1,1,0,0,3546,1888,1403,255,751,340093,0,0,31,0,1,59,9,0,0,2,19,79
5313785,Colfax,Washington,2,1,1,0,2106,1217,611,278,37,97001,1,0,1,0,2,87,7,2,4,21,41,34
5313855,"College Place",Washington,2,1,0,0,1751,1292,435,24,2271,98184,0,0,2,0,7,75,7,9,5,7,43,45
5314170,Colville,Washington,2,2,1,0,1877,1182,492,203,1006,76708,1,1,0,1,2,83,12,0,5,35,31,29
5314485,Connell,Washington,2,2,0,0,2085,1763,287,35,38,90039,5,0,2,0,16,41,12,24,24,35,30,11
5315290,Covington,Washington,2,1,1,0,2505,1519,840,146,5824,161485,5,0,13,1,3,64,11,2,4,23,38,35
5316970,Dayton,Washington,3,2,0,1,2626,1789,177,660,15,96233,1,0,0,0,0,81,13,4,7,19,42,31
5317320,"Deer Park",Washington,2,2,1,0,2152,1404,584,164,792,86987,0,1,0,2,0,87,9,1,4,28,52,16
5317635,"Des Moines",Washington,2,1,0,0,1960,1312,461,187,10434,120154,9,0,12,3,3,50,10,12,8,20,35,37
5318965,DuPont,Washington,1,1,0,0,1724,1124,585,15,3030,139667,8,1,11,1,4,61,11,3,1,6,38,55
5319035,Duvall,Washington,1,1,0,0,2823,1705,1051,67,365,219211,0,1,8,0,2,76,9,4,1,7,33,59
5320155,"East Wenatchee",Washington,1,1,0,0,907,836,51,20,4026,103321,1,0,1,0,3,60,9,25,15,30,37,19
5320260,Eatonville,Washington,2,1,0,0,2470,1787,385,298,20,134392,1,2,1,0,4,79,12,1,7,31,33,30
5320645,Edgewood,Washington,2,1,0,0,2153,1537,489,127,4031,142934,2,1,6,3,2,76,8,2,1,17,45,37
5320750,Edmonds,Washington,1,1,0,0,1680,1012,578,90,16595,153639,2,1,10,1,2,75,7,2,1,13,30,56
5321240,Ellensburg,Washington,2,2,0,0,1842,1460,317,65,3465,81221,1,0,2,1,3,77,10,6,4,17,44,36
5321450,Elma,Washington,2,2,0,0,2272,1639,275,358,193,100966,0,0,0,0,2,75,18,5,3,36,42,19
5322045,Enumclaw,Washington,1,1,0,0,2038,1374,562,102,2471,156217,0,1,3,1,4,80,9,2,2,29,27,42
5322080,Ephrata,Washington,2,2,0,0,1315,1209,69,37,1067,80518,1,0,1,0,9,61,8,20,11,25,49,15
5322640,Everett,Washington,1,1,0,0,1552,1105,375,72,36248,115265,6,1,10,1,5,59,11,7,7,21,40,33
5322745,Everson,Washington,2,1,1,0,2538,1303,1088,147,82,110048,0,4,3,0,2,74,7,10,10,29,37,24
5323515,"Federal Way",Washington,1,1,0,0,1812,1282,473,57,30593,122565,15,1,15,2,4,40,13,10,7,23,37,33
5323620,Ferndale,Washington,2,1,1,0,1955,988,926,41,1983,113214,0,1,6,0,5,75,7,5,4,24,41,32
5323795,Fife,Washington,1,1,0,0,1523,1104,371,48,4263,117786,9,2,16,7,5,45,13,4,6,20,45,29
5323970,Fircrest,Washington,1,1,0,0,1945,1105,703,137,2556,142441,4,2,5,0,3,72,11,2,3,21,31,45
5324810,Forks,Washington,3,2,0,0,2202,1777,110,315,247,80949,1,3,3,0,8,62,20,3,13,36,34,16
5325615,"Friday Harbor",Washington,2,2,0,0,2720,1960,553,207,192,121026,2,0,1,1,5,80,7,5,6,19,31,44
5326735,"Gig Harbor",Washington,1,1,0,0,2061,1383,568,110,3051,163932,1,1,3,0,1,84,9,0,2,8,33,56
5327435,Goldendale,Washington,3,2,1,0,2112,1516,420,176,16,76554,2,3,1,0,0,90,4,0,7,28,46,19
5327925,Grandview,Washington,3,2,0,0,1993,1640,315,38,1948,76722,0,0,0,0,45,13,22,18,32,35,26,6
5327960,Granger,Washington,3,2,0,0,2047,1668,245,134,97,80864,0,0,0,0,38,14,32,16,32,38,23,6
5327995,"Granite Falls",Washington,2,1,1,0,2081,1293,698,90,411,122944,0,3,3,0,0,83,10,1,6,27,39,28
5332300,Hoquiam,Washington,3,2,1,0,2250,1614,404,232,923,76226,1,4,2,0,4,81,7,1,3,33,42,23
5333805,Issaquah,Washington,1,1,0,0,1963,1202,724,37,9512,225649,2,0,23,0,2,60,9,3,2,5,22,71
5334645,Kalama,Washington,1,1,0,0,1673,1317,225,131,435,132571,0,1,0,0,1,83,11,3,5,24,48,22
5335065,Kelso,Washington,2,2,0,0,1578,1387,116,75,3414,74792,1,4,1,0,6,78,8,1,7,31,49,12
5335170,Kenmore,Washington,1,1,0,0,2067,1310,662,95,8207,189521,2,0,15,0,2,67,11,2,1,9,27,62
5335275,Kennewick,Washington,2,1,0,0,1593,1339,240,14,23444,101258,2,1,2,0,11,60,10,13,10,22,39,29
5335415,Kent,Washington,2,1,0,0,1957,1335,583,39,36191,125636,12,1,23,3,3,39,11,9,9,21,38,32
5335940,Kirkland,Washington,1,1,0,0,1996,1254,713,29,32174,216602,1,1,18,0,2,67,8,3,2,8,22,68
5336710,"La Center",Washington,1,1,0,0,2031,1451,435,145,209,145886,1,0,5,0,1,87,5,1,5,26,39,30
5336745,Lacey,Washington,2,1,0,0,1820,1287,498,35,15794,107432,5,1,7,2,6,63,13,2,3,18,44,35
5337270,"Lake Forest Park",Washington,1,1,0,0,2221,1220,644,357,5609,178311,4,1,10,1,1,75,7,3,1,7,25,67
5337900,"Lake Stevens",Washington,1,1,0,0,2053,1338,664,51,8444,138440,3,1,7,0,5,72,10,3,5,19,40,36
5338038,Lakewood,Washington,2,1,0,0,1681,1205,426,50,23221,100124,14,1,9,3,6,44,16,7,7,22,43,27
5339335,"Liberty Lake",Washington,2,1,1,0,1733,1115,592,26,2839,114094,1,1,2,0,4,86,6,0,2,16,35,47
5340245,Longview,Washington,2,2,0,0,1550,1370,97,83,13281,82751,1,1,2,0,5,78,10,3,9,28,46,17
5340805,Lynden,Washington,2,1,1,0,1826,880,924,22,2179,115285,2,1,1,0,2,80,8,6,6,21,39,34
5340840,Lynnwood,Washington,1,1,0,0,1607,1046,465,96,13118,125547,8,1,18,0,4,51,12,6,8,17,35,40
5343150,"Maple Valley",Washington,1,1,1,0,2542,1556,930,56,6180,175603,1,0,11,0,3,73,10,1,3,17,30,50
5343955,Marysville,Washington,2,1,0,0,1885,1279,530,76,18529,124375,2,1,7,0,4,69,12,5,6,26,45,23
5344165,Mattawa,Washington,2,2,0,0,1392,1339,36,17,9,75562,0,2,0,0,18,4,21,56,56,26,13,4
5344690,"Medical Lake",Washington,2,1,1,0,1962,1342,556,64,382,101459,4,0,0,0,3,84,2,6,1,20,42,36
5344725,Medina,Washington,1,1,0,0,3464,1921,1481,62,808,330344,0,0,27,0,0,61,10,1,0,2,10,88
5345005,"Mercer Island",Washington,1,1,0,0,2537,1463,994,80,8947,261761,1,0,22,0,1,65,9,1,1,4,13,82
5345865,"Mill Creek",Washington,1,1,0,0,1648,984,650,14,7930,171059,4,0,22,0,2,60,8,3,2,10,32,56
5346020,Milton,Washington,2,1,0,0,2146,1534,502,110,2638,122550,5,1,9,0,4,67,11,2,4,28,42,26
5346685,Monroe,Washington,2,1,0,0,1862,1255,556,51,3493,122771,2,1,5,0,5,71,10,5,7,19,45,30
5346895,Montesano,Washington,2,2,0,0,2182,1732,391,59,323,93586,0,0,1,0,3,88,8,0,1,25,46,29
5347245,"Moses Lake",Washington,2,1,0,0,1351,1204,107,40,5267,88715,4,1,1,0,11,53,15,15,10,28,41,20
5347490,"Mountlake Terrace",Washington,1,1,0,0,1515,1046,385,84,7942,134842,5,1,11,1,3,62,10,7,5,14,34,47
5347560,"Mount Vernon",Washington,2,1,1,0,1881,1043,780,58,8846,99894,1,3,3,0,10,56,8,18,13,22,38,27
5347665,Moxee,Washington,2,1,0,0,2052,1454,507,91,143,114371,3,1,0,0,11,59,13,12,12,28,37,23
5347735,Mukilteo,Washington,1,1,0,0,1664,1042,595,27,6900,165193,2,0,18,0,4,62,11,3,2,13,30,55
5348645,Newcastle,Washington,1,1,0,0,2436,1409,993,34,4396,251687,3,0,36,0,3,44,11,3,1,5,19,76
5349415,"Normandy Park",Washington,2,1,0,0,2630,1494,650,486,2400,160770,2,0,6,0,2,77,10,3,2,14,26,57
5349485,"North Bend",Washington,1,1,0,0,3154,2132,859,163,1595,215906,0,2,7,0,3,71,13,5,6,13,27,53
5350360,"Oak Harbor",Washington,2,1,0,0,1568,1064,438,66,7032,88401,6,2,8,0,7,60,13,3,4,22,50,24
5350570,"Ocean Shores",Washington,3,2,0,0,1840,1492,279,69,1205,72575,0,4,3,0,3,85,4,1,6,28,44,22
5350920,Okanogan,Washington,3,2,0,0,2296,1812,142,342,72,87065,2,2,0,0,5,72,14,5,8,28,46,18
5351300,Olympia,Washington,2,1,0,0,1670,1190,437,43,19335,105939,3,1,7,0,5,72,10,2,3,14,31,53
5351340,Omak,Washington,3,2,0,0,2411,1926,177,308,432,92675,0,7,0,0,2,76,11,3,8,27,44,21
5352005,Orting,Washington,2,1,1,0,2219,1468,715,36,1424,135934,1,3,3,0,5,78,9,1,5,32,41,21
5352215,Othello,Washington,2,1,0,0,1776,1334,404,38,1438,91876,0,2,1,0,28,22,24,23,27,26,30,17
5352495,Pacific,Washington,2,1,0,0,1931,1434,459,38,2168,114972,8,1,12,4,4,52,12,7,6,23,47,24
5353545,Pasco,Washington,2,1,0,0,1890,1471,404,15,18734,109307,2,2,2,0,18,38,16,21,18,23,35,25
5355365,"Port Angeles",Washington,2,2,0,0,1604,1320,147,137,6443,85839,0,2,2,0,4,81,9,3,3,21,43,33
5355785,"Port Orchard",Washington,2,1,0,0,1750,1117,533,100,4402,108163,2,1,5,1,3,72,15,1,4,19,48,30
5355855,"Port Townsend",Washington,2,2,0,0,2099,1448,422,229,2021,89631,1,1,2,0,1,86,6,3,0,12,36,52
5355995,Poulsbo,Washington,1,1,0,0,1865,1116,612,137,2770,131887,1,1,2,1,6,78,9,2,2,18,33,46
5356450,Prosser,Washington,2,1,0,0,1640,1405,211,24,823,98041,1,2,2,0,16,47,11,21,23,21,28,27
5356625,Pullman,Washington,2,1,0,0,1180,868,277,35,2954,70971,5,1,6,0,7,72,9,2,1,8,35,56
5356695,Puyallup,Washington,2,1,0,0,1854,1315,496,43,14804,118080,3,1,6,1,3,75,10,2,6,25,41,28
5357115,Quincy,Washington,1,1,0,0,1422,1289,102,31,1856,95308,0,0,2,0,16,22,15,46,15,40,25,21
5357430,Raymond,Washington,2,1,0,0,1646,1198,147,301,54,88788,0,5,2,1,0,72,10,11,6,38,31,25
5357535,Redmond,Washington,1,1,0,0,1692,1145,531,16,26082,211985,2,0,35,0,4,49,7,3,2,6,18,75
5357745,Renton,Washington,1,1,0,0,1860,1220,573,67,35901,135157,9,1,25,1,5,42,12,6,7,18,32,43
5358235,Richland,Washington,1,1,0,0,1853,1575,262,16,21619,124083,1,0,5,1,6,75,8,2,2,14,35,48
5358410,Ridgefield,Washington,1,1,0,0,1774,1251,487,36,1223,143671,1,1,2,0,4,83,7,2,2,17,39,43
5361115,Sammamish,Washington,1,1,0,0,2865,1579,1253,33,19194,289276,1,0,34,0,2,54,6,1,1,4,14,81
5362288,SeaTac,Washington,2,1,0,0,1906,1304,383,219,10294,110961,23,1,19,4,3,31,7,12,14,24,34,28
5363000,Seattle,Washington,1,0,0,0,1461,911,395,155,299098,185727,6,0,16,0,2,62,10,3,2,7,18,73
5363210,Sedro-Woolley,Washington,2,1,1,0,2021,1118,801,102,2459,92399,1,1,1,0,11,66,6,14,11,25,48,17
5363280,Selah,Washington,2,1,1,0,1835,1289,505,41,2209,97217,0,1,2,0,5,59,11,21,9,30,34,27
5363385,Sequim,Washington,2,2,0,0,2030,1751,211,68,3063,82224,2,1,4,0,2,82,7,2,2,17,45,36
5363735,Shelton,Washington,2,2,0,0,2243,1858,303,82,1921,90022,1,3,1,2,4,59,11,18,13,27,38,21
5363960,Shoreline,Washington,1,1,0,0,2018,1156,598,264,19122,163318,7,1,16,0,2,63,9,3,4,10,27,59
5365170,Snohomish,Washington,2,1,0,0,1864,1347,443,74,3230,122459,1,0,3,1,2,82,9,2,4,20,40,36
5365205,Snoqualmie,Washington,1,1,0,0,2544,1526,971,47,1916,235582,1,0,9,0,3,78,6,2,1,7,26,65
5367000,Spokane,Washington,2,1,1,0,1962,1173,713,76,79320,97078,2,1,3,1,2,79,9,2,4,19,40,36
5367167,"Spokane Valley",Washington,2,1,1,0,1648,1092,489,67,32503,91606,2,1,2,0,3,83,7,2,4,25,42,29
5367455,Stanwood,Washington,2,1,1,0,1919,1049,848,22,607,118765,0,3,2,0,1,87,6,0,2,21,47,30
5367770,Steilacoom,Washington,2,1,0,0,2115,1384,640,91,1427,130947,5,1,6,1,8,63,15,1,2,16,37,45
5368260,Sultan,Washington,2,1,1,0,2141,1405,648,88,699,111512,1,1,2,0,7,71,14,3,14,30,29,27
5368435,Sumner,Washington,2,1,0,0,1843,1321,469,53,4458,115708,1,1,2,1,7,74,11,3,5,26,42,27
5368750,Sunnyside,Washington,3,2,0,0,1949,1534,339,76,3401,71091,0,1,1,0,41,12,25,19,41,27,20,12
5370000,Tacoma,Washington,2,1,0,0,1801,1301,429,71,77488,113970,10,2,9,1,4,57,13,4,6,21,35,38
5371960,Toppenish,Washington,3,2,1,0,2057,1546,440,71,1161,81918,0,8,1,1,30,6,29,26,45,25,20,9
5372625,Tukwila,Washington,2,1,0,0,1962,1346,386,230,6414,113585,16,2,23,3,4,31,9,12,10,26,31,32
5372905,Tumwater,Washington,2,1,0,0,1795,1283,455,57,8111,111271,4,1,4,0,3,73,12,3,3,14,39,43
5373290,"Union Gap",Washington,3,2,1,0,2098,1447,552,99,1825,75020,0,6,3,0,16,42,14,20,23,29,39,9
5373465,"University Place",Washington,1,1,0,0,1534,1038,455,41,11890,123143,8,2,12,2,3,59,12,3,4,16,35,45
5374060,Vancouver,Washington,1,1,0,0,1482,1101,336,45,65500,109947,2,1,6,2,6,68,11,5,6,20,39,36
5375775,"Walla Walla",Washington,2,1,1,0,1818,1302,462,54,9023,91862,2,2,2,0,9,68,8,8,9,21,39,32
5376125,Wapato,Washington,3,2,0,0,1902,1569,225,108,490,71780,0,12,2,0,31,4,30,20,48,29,17,7
5376160,Warden,Washington,2,1,0,0,1325,1233,64,28,31,83610,0,0,2,0,11,38,11,39,21,27,34,19
5376405,Washougal,Washington,1,1,0,0,1780,1142,567,71,3451,139002,1,0,2,0,4,84,7,1,3,24,43,30
5377105,Wenatchee,Washington,1,1,0,0,763,675,59,29,9431,85886,1,1,1,0,4,57,11,25,14,21,36,29
5377665,"West Richland",Washington,1,1,0,0,1814,1563,220,31,4424,141073,1,0,2,1,3,76,14,4,4,16,34,46
5379590,Woodinville,Washington,1,1,0,0,2023,1304,698,21,5584,191566,1,0,18,0,6,65,6,4,1,9,27,63
5379625,Woodland,Washington,1,1,0,0,1719,1349,290,80,397,120570,1,0,1,0,10,74,11,3,9,27,42,22
5380010,Yakima,Washington,2,2,1,0,1831,1350,417,64,28009,81293,1,1,1,1,14,44,17,21,20,26,32,23
5380220,Yelm,Washington,2,1,0,0,2028,1514,438,76,1362,114618,4,1,1,3,1,75,14,3,5,31,45,19
5380500,Zillah,Washington,2,2,1,0,2289,1582,526,181,125,100655,0,3,0,0,16,43,32,6,14,23,40,24
